{"cameraMode":{"drawMode":0,"name":"Shaded","section":"Shading Mode"},"sceneLighting":false,"audioPlay":false,"sceneViewState":{"m_AlwaysRefresh":false,"showFog":true,"showSkybox":false,"showFlares":true,"showImageEffects":true,"showParticleSystems":true,"showVisualEffectGraphs":true,"m_FxEnabled":true},"in2DMode":false,"pivot":{"x":0.4582681357860565,"y":-0.7360655069351196,"z":-10.223092079162598},"rotation":{"x":-0.10020355880260468,"y":-0.8995367884635925,"z":0.31145673990249636,"w":-0.2895410656929016},"size":1.4015294313430787,"orthographic":false}