{"cameraMode":{"drawMode":0,"name":"Shaded","section":"Shading Mode"},"sceneLighting":true,"audioPlay":false,"sceneViewState":{"m_AlwaysRefresh":false,"showFog":true,"showSkybox":true,"showFlares":true,"showImageEffects":true,"showParticleSystems":true,"showVisualEffectGraphs":true,"m_FxEnabled":true},"in2DMode":false,"pivot":{"x":0.5183368921279907,"y":21.421579360961915,"z":0.14113153517246247},"rotation":{"x":-0.25349485874176028,"y":0.6927640438079834,"z":-0.2874382734298706,"w":-0.6109105944633484},"size":8.429001808166504,"orthographic":false}