{"cameraMode":{"drawMode":0,"name":"Shaded","section":"Shading Mode"},"sceneLighting":true,"audioPlay":false,"sceneViewState":{"m_AlwaysRefresh":false,"showFog":true,"showSkybox":false,"showFlares":true,"showImageEffects":true,"showParticleSystems":true,"showVisualEffectGraphs":true,"m_FxEnabled":true},"in2DMode":false,"pivot":{"x":0.19886112213134767,"y":1.3807153701782227,"z":-0.38963794708251955},"rotation":{"x":0.13682235777378083,"y":-0.4400007128715515,"z":0.06784482300281525,"w":0.8849771618843079},"size":15.840176582336426,"orthographic":false}