{"cameraMode":{"drawMode":0,"name":"Shaded","section":"Shading Mode"},"sceneLighting":false,"audioPlay":false,"sceneViewState":{"m_AlwaysRefresh":false,"showFog":true,"showSkybox":false,"showFlares":true,"showImageEffects":true,"showParticleSystems":true,"showVisualEffectGraphs":true,"m_FxEnabled":true},"in2DMode":false,"pivot":{"x":0.31447306275367739,"y":0.5229741334915161,"z":0.10127419233322144},"rotation":{"x":0.12285996228456497,"y":0.7729746103286743,"z":-0.1577599048614502,"w":0.6021474003791809},"size":0.756787896156311,"orthographic":false}