{"cameraMode":{"drawMode":0,"name":"Shaded","section":"Shading Mode"},"sceneLighting":false,"audioPlay":false,"sceneViewState":{"m_AlwaysRefresh":false,"showFog":true,"showSkybox":false,"showFlares":true,"showImageEffects":true,"showParticleSystems":true,"showVisualEffectGraphs":true,"m_FxEnabled":true},"in2DMode":false,"pivot":{"x":-6.408859729766846,"y":4.382894992828369,"z":-10.029302597045899},"rotation":{"x":0.107399120926857,"y":0.039357323199510577,"z":0.004255631007254124,"w":-0.9934362173080444},"size":11.959366798400879,"orthographic":false}